waluta;kod;styczeń;luty;marzec;kwiecień;maj;czerwiec;lipiec;sierpień;wrzesień;październik;listopad;grudzień;Rok
bat (Tajlandia);THB;0.1075;0.103;0.1021;0.1028;0.107;0.1087;0.1077;0.1051;0.1038;0.1033;0.105;0.1019;2012
dolar amerykański;USD;3.3884;3.1608;3.132;3.1727;3.3472;3.4399;3.4061;3.3021;3.2154;3.1672;3.2237;3.123;2012
dolar australijski;AUD;3.5222;3.3918;3.3016;3.2824;3.3406;3.4235;3.5065;3.4584;3.3461;3.2617;3.3524;3.2663;2012
dolar Hongkongu;HKD;0.4364;0.4076;0.4035;0.4087;0.4312;0.4434;0.4392;0.4257;0.4147;0.4086;0.416;0.403;2012
dolar kanadyjski;CAD;3.3429;3.1689;3.1515;3.1953;3.3161;3.3431;3.3579;3.3235;3.2852;3.2119;3.2327;3.1539;2012
dolar nowozelandzki;NZD;2.707;2.6384;2.5705;2.5953;2.593;2.6747;2.7201;2.6768;2.6323;2.5977;2.64;2.5923;2012
dolar singapurski;SGD;2.6466;2.5208;2.4883;2.5355;2.6527;2.6884;2.7;2.6452;2.6098;2.5877;2.6341;2.5583;2012
euro;EUR;4.3775;4.184;4.137;4.1756;4.2884;4.3072;4.1896;4.0912;4.1314;4.1091;4.1354;4.0938;2012
forint (Węgry);HUF;0.014227;0.014398;0.014158;0.014159;0.014619;0.014639;0.014625;0.014682;0.014551;0.014581;0.01464;0.01433;2012
frank szwajcarski;CHF;3.6135;3.466;3.43;3.4736;3.57;3.5865;3.4884;3.4064;3.4168;3.3965;3.431;3.3871;2012
funt szterling;GBP;5.2573;4.9988;4.9564;5.0779;5.33;5.3382;5.3081;5.1839;5.1781;5.0948;5.1467;5.0388;2012
hrywna (Ukraina);UAH;0.4215;0.3939;0.3906;0.3955;0.4157;0.4257;0.4213;0.4075;0.3961;0.3883;0.3939;0.3847;2012
jen (Japonia);JPY;0.044042;0.040317;0.038004;0.038963;0.041977;0.043428;0.043128;0.041983;0.041127;0.040108;0.039856;0.037325;2012
korona czeska;CZK;0.1715;0.1671;0.1675;0.1685;0.1697;0.168;0.1646;0.1635;0.167;0.1649;0.1631;0.1625;2012
korona duńska;DKK;0.5887;0.5628;0.5564;0.5613;0.5769;0.5795;0.5632;0.5495;0.5543;0.551;0.5544;0.5488;2012
korona islandzka;ISK;0.027416;0.025651;0.024803;0.024999;0.026339;0.026933;0.027049;0.027492;0.026197;0.025531;0.025327;0.024677;2012
korona norweska;NOK;0.5698;0.5533;0.5497;0.5516;0.5661;0.5712;0.5619;0.5583;0.5591;0.5549;0.5635;0.5562;2012
korona szwedzka;SEK;0.4945;0.4741;0.4657;0.4714;0.4766;0.4849;0.4898;0.494;0.4865;0.477;0.4806;0.4733;2012
lej rumuński;RON;1.0088;0.9618;0.9476;0.9542;0.9663;0.9653;0.9216;0.9046;0.9182;0.9005;0.9132;0.9133;2012
lew bułgarski;BGN;2.2382;2.1393;2.1152;2.135;2.1927;2.2023;2.1422;2.0918;2.1124;2.101;2.1144;2.0932;2012
lira turecka;TRY;1.8371;1.7982;1.7517;1.7756;1.8517;1.8848;1.8789;1.8383;1.7832;1.7573;1.7965;1.7465;2012
nowy  izraelski szekel;ILS;0.8899;0.846;0.8321;0.8465;0.8747;0.8835;0.8536;0.8225;0.815;0.8219;0.8267;0.8263;2012
peso  chilijskie;CLP;0.006765;0.006561;0.00646;0.006532;0.00674;0.006803;0.006922;0.006868;0.006779;0.006665;0.006714;0.006556;2012
peso filipińskie;PHP;0.0778;0.0741;0.0731;0.0744;0.078;0.0805;0.0813;0.0785;0.077;0.0765;0.0784;0.0761;2012
peso meksykańskie;MXN;0.2522;0.2474;0.2458;0.2433;0.246;0.2462;0.2547;0.2503;0.2483;0.2458;0.2464;0.2425;2012
rand (Republika Południowej Afryki);ZAR;0.4224;0.4126;0.4119;0.4053;0.411;0.409;0.4131;0.3996;0.3883;0.366;0.3663;0.3616;2012
real brazylijski;BRL;1.8895;1.8393;1.7541;1.7148;1.693;1.6786;1.6803;1.6279;1.5847;1.5599;1.5629;1.502;2012
ringgit malezyjski;MYR;1.0874;1.0457;1.0287;1.0369;1.0793;1.0809;1.0753;1.059;1.0442;1.0371;1.054;1.0222;2012
rupia indonezyjska;IDR;0.00037343;0.00035109;0.00034586;0.00034856;0.00035895;0.00036231;0.00035996;0.00034766;0.00033613;0.00032954;0.00033498;0.00032249;2012
rupia  indyjska;INR;0.066112;0.064269;0.062207;0.061357;0.061525;0.061326;0.061415;0.059434;0.059061;0.059715;0.058808;0.05714;2012
won (Korea Południowa);KRW;0.002965;0.002815;0.002781;0.002795;0.002889;0.002952;0.002982;0.002916;0.002862;0.002864;0.002963;0.002903;2012
yuan renminbi (Chiny);CNY;0.5364;0.5017;0.4962;0.5031;0.5292;0.5405;0.5346;0.5192;0.5087;0.5056;0.5171;0.5011;2012
SDR (MFW);XDR;5.2067;4.9099;4.8285;4.8966;5.1181;5.2122;5.1328;4.9956;4.9475;4.8783;4.9342;4.8019;2012
bat (Tajlandia);THB;0.1035;0.1046;0.1086;0.1094;0.108;0.1056;0.105;0.1006;0.1002;0.0984;0.0981;0.0941;2013
dolar amerykański;USD;3.1145;3.1197;3.2058;3.1825;3.2149;3.2512;3.2688;3.1767;3.175;3.0704;3.0998;3.0481;2013
dolar australijski;AUD;3.2684;3.2196;3.3145;3.3063;3.184;3.0656;2.9984;2.8686;2.9425;2.9227;2.8931;2.7359;2013
dolar Hongkongu;HKD;0.4018;0.4023;0.4133;0.41;0.4142;0.419;0.4214;0.4096;0.4095;0.396;0.3998;0.3931;2013
dolar kanadyjski;CAD;3.1405;3.0962;3.1278;3.1248;3.1504;3.1514;3.1412;3.0524;3.0634;2.9629;2.9549;2.8637;2013
dolar nowozelandzki;NZD;2.6042;2.6191;2.6552;2.6988;2.6504;2.5712;2.5812;2.5142;2.5819;2.562;2.5614;2.5019;2013
dolar singapurski;SGD;2.5362;2.5191;2.5732;2.5712;2.5746;2.5808;2.5776;2.4969;2.512;2.4691;2.4857;2.4199;2013
euro;EUR;4.1369;4.1734;4.1581;4.1409;4.1759;4.2865;4.2756;4.2295;4.2376;4.1908;4.1882;4.1757;2013
forint (Węgry);HUF;0.014083;0.014262;0.013733;0.013845;0.014257;0.014493;0.014501;0.01413;0.014134;0.014216;0.01408;0.013919;2013
frank szwajcarski;CHF;3.3679;3.3924;3.3908;3.3946;3.3653;3.4775;3.4582;3.4276;3.4349;3.4033;3.3996;3.4088;2013
funt szterling;GBP;4.9763;4.8392;4.8396;4.8728;4.9196;5.0276;4.9632;4.9205;5.03;4.9448;4.9919;4.993;2013
hrywna (Ukraina);UAH;0.3845;0.3835;0.3941;0.3916;0.3955;0.3988;0.3972;0.3911;0.3888;0.3753;0.3789;0.3708;2013
jen (Japonia);JPY;0.034995;0.033555;0.033854;0.032518;0.031908;0.033341;0.032821;0.032429;0.031999;0.03142;0.031026;0.029453;2013
korona czeska;CZK;0.162;0.1639;0.1621;0.1603;0.1613;0.1665;0.1649;0.1638;0.1644;0.1633;0.1561;0.1518;2013
korona duńska;DKK;0.5544;0.5594;0.5577;0.5554;0.5602;0.5748;0.5733;0.5671;0.5682;0.5618;0.5615;0.5597;2013
korona islandzka;ISK;0.024183;0.024423;0.025642;0.026757;0.026625;0.0267;0.026651;0.026565;0.026231;0.025449;0.025508;0.02599;2013
korona norweska;NOK;0.5605;0.5619;0.5551;0.5492;0.5524;0.554;0.5426;0.5326;0.5316;0.5156;0.5099;0.4961;2013
korona szwedzka;SEK;0.4797;0.4902;0.4979;0.4905;0.4869;0.4942;0.4942;0.4859;0.4886;0.479;0.4715;0.4657;2013
lej rumuński;RON;0.9442;0.9516;0.9469;0.9453;0.9626;0.9579;0.9666;0.9537;0.9496;0.9428;0.9425;0.936;2013
lew bułgarski;BGN;2.1152;2.1339;2.126;2.1172;2.1351;2.1917;2.1861;2.1625;2.1667;2.1428;2.1414;2.135;2013
lira turecka;TRY;1.7583;1.7573;1.7727;1.7703;1.7627;1.714;1.691;1.6212;1.5704;1.5458;1.5326;1.4754;2013
nowy  izraelski szekel;ILS;0.8329;0.8443;0.8709;0.8786;0.8857;0.895;0.9063;0.8887;0.8897;0.8677;0.8773;0.8701;2013
peso  chilijskie;CLP;0.006595;0.006607;0.006785;0.006738;0.006704;0.006466;0.006471;0.006196;0.006291;0.006133;0.005975;0.005758;2013
peso filipińskie;PHP;0.0765;0.0767;0.0787;0.0773;0.0778;0.0757;0.0754;0.0724;0.0726;0.0712;0.0712;0.069;2013
peso meksykańskie;MXN;0.2453;0.2452;0.256;0.2607;0.2618;0.2512;0.2566;0.2464;0.2426;0.2361;0.2372;0.2343;2013
rand (Republika Południowej Afryki);ZAR;0.3548;0.3508;0.3489;0.3494;0.3446;0.3242;0.3296;0.3156;0.3175;0.3099;0.3046;0.2936;2013
real brazylijski;BRL;1.5319;1.5801;1.6136;1.588;1.5837;1.4998;1.4549;1.3578;1.3967;1.4022;1.3549;1.2986;2013
ringgit malezyjski;MYR;1.025;1.0069;1.0316;1.0443;1.0636;1.0352;1.0241;0.9694;0.9757;0.9673;0.9699;0.9369;2013
rupia indonezyjska;IDR;0.00032112;0.00031977;0.00032778;0.00032791;0.00032994;0.00033084;0.00032782;0.00030199;0.00028084;0.00027014;0.00027016;0.00025262;2013
rupia  indyjska;INR;0.057366;0.057959;0.058932;0.058545;0.058555;0.055856;0.054662;0.050596;0.049764;0.049876;0.049554;0.049242;2013
won (Korea Południowa);KRW;0.002923;0.002869;0.002907;0.002838;0.00289;0.002864;0.002903;0.002846;0.002929;0.002878;0.002919;0.002885;2013
yuan renminbi (Chiny);CNY;0.5006;0.5006;0.5158;0.5144;0.5235;0.53;0.5328;0.5189;0.5187;0.503;0.5087;0.5018;2013
SDR (MFW);XDR;4.7896;4.7672;4.8225;4.7872;4.8217;4.925;4.9167;4.8245;4.8341;4.7309;4.7513;4.6919;2013
bat (Tajlandia);THB;0.0931;0.0938;0.0939;0.0937;0.0935;0.0936;0.0953;0.0984;0.1009;0.1022;0.103;0.1042;2014
dolar amerykański;USD;3.065;3.0613;3.0378;3.0293;3.0415;3.0425;3.0598;3.1482;3.2475;3.3152;3.3777;3.4287;2014
dolar australijski;AUD;2.7134;2.7434;2.7608;2.8225;2.8309;2.8507;2.8727;2.9296;2.9391;2.9101;2.9217;2.8255;2014
dolar Hongkongu;HKD;0.3951;0.3947;0.3915;0.3907;0.3923;0.3925;0.3948;0.4062;0.4189;0.4273;0.4356;0.4421;2014
dolar kanadyjski;CAD;2.8092;2.7676;2.7365;2.755;2.7932;2.8091;2.8542;2.8827;2.9513;2.9567;2.9802;2.9719;2014
dolar nowozelandzki;NZD;2.5341;2.537;2.5941;2.6068;2.6168;2.625;2.6595;2.6572;2.6432;2.6116;2.6451;2.6621;2014
dolar singapurski;SGD;2.4084;2.417;2.398;2.4135;2.4297;2.4315;2.4621;2.5216;2.5713;2.6016;2.6062;2.6057;2014
euro;EUR;4.1776;4.1786;4.1972;4.1841;4.179;4.1369;4.1447;4.1932;4.1901;4.205;4.2115;4.2233;2014
forint (Węgry);HUF;0.013844;0.013477;0.01348;0.013618;0.013722;0.01352;0.013377;0.013351;0.01338;0.013659;0.013721;0.013571;2014
frank szwajcarski;CHF;3.3935;3.4205;3.4471;3.4317;3.4244;3.3965;3.4114;3.4602;3.4695;3.4814;3.5011;3.5123;2014
funt szterling;GBP;5.0507;5.0658;5.0525;5.072;5.1242;5.1464;5.2262;5.259;5.2969;5.3283;5.3284;5.3605;2014
hrywna (Ukraina);UAH;0.3678;0.3449;0.3009;0.2584;0.2577;0.2565;0.2603;0.2461;0.2477;0.2567;0.2364;0.2213;2014
jen (Japonia);JPY;0.02946;0.029988;0.029708;0.029544;0.029873;0.029827;0.030089;0.030582;0.030264;0.030709;0.029125;0.028708;2014
korona czeska;CZK;0.1521;0.1522;0.1532;0.1524;0.1523;0.1507;0.1509;0.1508;0.1519;0.1525;0.1521;0.1529;2014
korona duńska;DKK;0.5599;0.56;0.5623;0.5605;0.5599;0.5546;0.5559;0.5625;0.5628;0.5648;0.5659;0.5677;2014
korona islandzka;ISK;0.026475;0.026793;0.026913;0.026977;0.026992;0.026773;0.026778;0.027148;0.027274;0.027471;0.027337;0.027385;2014
korona norweska;NOK;0.4974;0.499;0.506;0.5069;0.5121;0.5036;0.494;0.5079;0.5123;0.5064;0.4958;0.4694;2014
korona szwedzka;SEK;0.4725;0.471;0.4734;0.4624;0.4629;0.455;0.4489;0.4562;0.4557;0.4584;0.4559;0.449;2014
lej rumuński;RON;0.9244;0.9304;0.9344;0.9378;0.9444;0.9414;0.9399;0.9476;0.9504;0.9524;0.9509;0.9471;2014
lew bułgarski;BGN;2.136;2.1365;2.146;2.1393;2.1367;2.1152;2.1192;2.144;2.1422;2.15;2.1533;2.1593;2014
lira turecka;TRY;1.3817;1.3829;1.371;1.423;1.4536;1.436;1.444;1.456;1.4684;1.4691;1.5121;1.4948;2014
nowy  izraelski szekel;ILS;0.8779;0.871;0.8726;0.8719;0.8774;0.8809;0.8941;0.9011;0.8935;0.8901;0.8825;0.8718;2014
peso  chilijskie;CLP;0.005711;0.005532;0.005391;0.00546;0.005472;0.0055;0.005482;0.00543;0.005467;0.005625;0.005698;0.005597;2014
peso filipińskie;PHP;0.0681;0.0683;0.0678;0.068;0.0693;0.0694;0.0704;0.0719;0.0735;0.074;0.0751;0.0768;2014
peso meksykańskie;MXN;0.2318;0.2303;0.2301;0.2318;0.235;0.2343;0.2357;0.2392;0.2454;0.2461;0.2481;0.2358;2014
rand (Republika Południowej Afryki);ZAR;0.2822;0.2784;0.283;0.2872;0.2922;0.2851;0.287;0.295;0.2959;0.2994;0.3046;0.2981;2014
real brazylijski;BRL;1.2873;1.2832;1.3064;1.3561;1.3693;1.3621;1.3764;1.3877;1.3956;1.3517;1.3291;1.2964;2014
ringgit malezyjski;MYR;0.9283;0.9246;0.9261;0.9306;0.9414;0.9452;0.9615;0.9902;1.0095;1.0143;1.0098;0.985;2014
rupia indonezyjska;IDR;0.00025369;0.00025696;0.00026515;0.00026502;0.0002634;0.00025602;0.00026184;0.00026805;0.00027306;0.00027304;0.00027737;0.0002763;2014
rupia  indyjska;INR;0.049393;0.049171;0.049829;0.050194;0.051244;0.050939;0.050958;0.051729;0.05335;0.054035;0.054739;0.054624;2014
won (Korea Południowa);KRW;0.002876;0.002857;0.002839;0.002906;0.002967;0.002986;0.002998;0.003072;0.003137;0.003122;0.003078;0.003108;2014
yuan renminbi (Chiny);CNY;0.5065;0.5037;0.4922;0.4866;0.4875;0.4883;0.4935;0.5115;0.5291;0.5412;0.5514;0.5528;2014
SDR (MFW);XDR;4.7069;4.7165;4.7027;4.6885;4.7005;4.6915;4.7157;4.8061;4.8695;4.931;4.9522;4.9911;2014
bat (Tajlandia);THB;0.1121;0.1129;0.1168;0.1148;0.1091;0.11;0.11;0.1064;0.1042;0.1059;0.1106;0.1094;2015
dolar amerykański;USD;3.6739;3.6766;3.8138;3.7347;3.652;3.7103;3.7734;3.7685;3.7513;3.7807;3.9571;3.9417;2015
dolar australijski;AUD;2.967;2.8651;2.949;2.8825;2.8817;2.863;2.7989;2.75;2.65;2.7254;2.8324;2.8567;2015
dolar Hongkongu;HKD;0.4738;0.4741;0.4916;0.4818;0.4711;0.4786;0.4868;0.4861;0.484;0.4879;0.5106;0.5086;2015
dolar kanadyjski;CAD;3.0464;2.9408;3.026;3.0189;3.0029;3.0027;2.9412;2.8694;2.8315;2.8937;2.9825;2.8788;2015
dolar nowozelandzki;NZD;2.81;2.7388;2.8461;2.8291;2.6994;2.59;2.5083;2.4679;2.3776;2.5304;2.5986;2.6582;2015
dolar singapurski;SGD;2.7495;2.7136;2.7687;2.7664;2.7392;2.7568;2.7736;2.6972;2.6532;2.6997;2.8002;2.8001;2015
euro;EUR;4.2797;4.1776;4.1278;4.0291;4.0783;4.1597;4.154;4.1936;4.2169;4.246;4.2503;4.2905;2015
forint (Węgry);HUF;0.01352;0.013618;0.013608;0.013441;0.013326;0.01333;0.013335;0.013465;0.013467;0.013654;0.013617;0.013638;2015
frank szwajcarski;CHF;3.9273;3.9322;3.8912;3.8812;3.9211;3.9817;3.9627;3.8929;3.8605;3.9037;3.9236;3.9623;2015
funt szterling;GBP;5.5758;5.633;5.7114;5.5707;5.6554;5.774;5.8709;5.8747;5.7626;5.7993;6.0144;5.9119;2015
hrywna (Ukraina);UAH;0.2351;0.1536;0.1638;0.1642;0.1713;0.1749;0.1737;0.1737;0.1721;0.1726;0.1692;0.1673;2015
jen (Japonia);JPY;0.031023;0.031019;0.031678;0.031228;0.030267;0.029996;0.030591;0.030575;0.031244;0.031506;0.032307;0.032394;2015
korona czeska;CZK;0.1536;0.1513;0.1507;0.1468;0.1488;0.1524;0.1533;0.1551;0.1557;0.1566;0.1572;0.1587;2015
korona duńska;DKK;0.5752;0.5609;0.5535;0.5396;0.5466;0.5576;0.5567;0.5619;0.5652;0.5692;0.5698;0.575;2015
korona islandzka;ISK;0.027979;0.027852;0.027861;0.027435;0.027576;0.028032;0.028169;0.028544;0.029293;0.029896;0.030178;0.030347;2015
korona norweska;NOK;0.4786;0.4845;0.4781;0.4721;0.4849;0.4749;0.4653;0.4572;0.4531;0.4573;0.4585;0.4543;2015
korona szwedzka;SEK;0.454;0.4403;0.4467;0.4318;0.4387;0.4486;0.4429;0.4411;0.4489;0.4543;0.4563;0.464;2015
lej rumuński;RON;0.9538;0.9426;0.9308;0.9128;0.918;0.9313;0.9354;0.9484;0.9536;0.9603;0.9563;0.9528;2015
lew (Bułgaria);BGN;2.1882;2.136;2.1105;2.0601;2.0852;2.1268;2.1239;2.1441;2.1561;2.1709;2.1732;2.1937;2015
lira turecka;TRY;1.5747;1.4945;1.4715;1.4047;1.3818;1.3733;1.4;1.3228;1.2448;1.2921;1.3752;1.3494;2015
nowy  izraelski szekel;ILS;0.932;0.9445;0.9528;0.9475;0.9463;0.9696;0.9958;0.9813;0.9598;0.978;1.0177;1.0165;2015
peso  chilijskie;CLP;0.005928;0.005901;0.006068;0.006078;0.006013;0.005885;0.005818;0.005488;0.005439;0.005523;0.005619;0.0056;2015
peso filipińskie;PHP;0.0824;0.0832;0.0857;0.0841;0.0819;0.0824;0.0834;0.0815;0.0803;0.0816;0.0841;0.0835;2015
peso meksykańskie;MXN;0.2499;0.2466;0.2503;0.2455;0.2394;0.2398;0.237;0.2278;0.2232;0.228;0.2379;0.2311;2015
rand (Republika Południowej Afryki);ZAR;0.3175;0.3177;0.3161;0.3106;0.3057;0.3014;0.3036;0.2923;0.2756;0.2803;0.2801;0.2628;2015
real (Brazylia);BRL;1.3961;1.3105;1.217;1.2248;1.1995;1.1919;1.177;1.0774;0.9688;0.9756;1.047;1.02;2015
ringgit (Malezja);MYR;1.0256;1.022;1.036;1.0253;1.0154;0.9926;0.993;0.9356;0.8716;0.8889;0.9178;0.9215;2015
rupia indonezyjska;IDR;0.0002909;0.00028811;0.00029162;0.00028889;0.00027906;0.00027851;0.00028232;0.00027722;0.00026048;0.00027457;0.0002894;0.00028494;2015
rupia  indyjska;INR;0.059089;0.059261;0.060998;0.059704;0.057288;0.058122;0.059322;0.05794;0.05672;0.058077;0.059817;0.059247;2015
won południowokoreański;KRW;0.003373;0.00334;0.003423;0.003437;0.003345;0.003332;0.003295;0.003198;0.003167;0.003302;0.003429;0.003358;2015
yuan renminbi (Chiny);CNY;0.5863;0.5886;0.6108;0.6033;0.589;0.5973;0.6077;0.5953;0.5891;0.5954;0.6211;0.611;2015
SDR (MFW);XDR;5.214;5.1985;5.2703;5.1726;5.1353;5.2091;5.2727;5.2886;5.282;5.3134;5.4652;5.4707;2015
bat (Tajlandia);THB;0.1118;0.1111;0.1097;0.1083;0.1101;0.111;0.1133;0.1105;0.111;0.1115;0.1149;0.1175;2016
dolar amerykański;USD;4.0397;3.9565;3.8644;3.7985;3.8991;3.92;3.9707;3.8354;3.8567;3.9075;4.06;4.2049;2016
dolar australijski;AUD;2.8432;2.8242;2.8948;2.912;2.8531;2.8958;2.9892;2.9283;2.9255;2.9752;3.0621;3.0879;2016
dolar Hongkongu;HKD;0.5194;0.5084;0.4979;0.4897;0.5023;0.505;0.5119;0.4945;0.4972;0.5037;0.5235;0.542;2016
dolar kanadyjski;CAD;2.8483;2.8696;2.9183;2.9568;3.0157;3.0372;3.0467;2.9548;2.948;2.9508;3.0188;3.1507;2016
dolar nowozelandzki;NZD;2.6484;2.6301;2.6008;2.6167;2.6527;2.7544;2.8336;2.7766;2.82;2.7971;2.9049;2.9601;2016
dolar singapurski;SGD;2.8243;2.8189;2.8133;2.8132;2.8476;2.8915;2.9404;2.8464;2.8363;2.8242;2.8782;2.9293;2016
euro;EUR;4.3935;4.396;4.2934;4.3068;4.4076;4.4019;4.3966;4.3003;4.325;4.3086;4.3839;4.4371;2016
forint (Węgry);HUF;0.013974;0.014181;0.013797;0.013821;0.014014;0.014022;0.01398;0.013855;0.014008;0.014034;0.014205;0.014208;2016
frank szwajcarski;CHF;4.0176;3.9895;3.9311;3.9389;3.9874;4.0374;4.0465;3.9549;3.9586;3.9615;4.0749;4.1256;2016
funt szterling;GBP;5.8377;5.6672;5.4954;5.4304;5.665;5.5802;5.2275;5.0304;5.0783;4.8313;5.0419;5.245;2016
hrywna (Ukraina);UAH;0.1656;0.1499;0.1468;0.1487;0.1547;0.1572;0.1598;0.1526;0.147;0.1519;0.158;0.1601;2016
jen (Japonia);JPY;0.034091;0.034563;0.034217;0.034637;0.035812;0.037161;0.038194;0.037899;0.037816;0.03767;0.037525;0.03624;2016
korona czeska;CZK;0.1626;0.1626;0.1587;0.1593;0.163;0.1627;0.1626;0.1591;0.16;0.1594;0.1622;0.1641;2016
korona duńska;DKK;0.5888;0.5891;0.5758;0.5786;0.5925;0.5919;0.591;0.5779;0.5808;0.579;0.5892;0.5967;2016
korona islandzka;ISK;0.031046;0.030879;0.030466;0.030666;0.031524;0.031724;0.032524;0.032492;0.033555;0.034171;0.036133;0.037365;2016
korona norweska;NOK;0.4583;0.46;0.4551;0.462;0.4736;0.4713;0.469;0.4622;0.4697;0.4787;0.4828;0.4911;2016
korona szwedzka;SEK;0.4738;0.4676;0.4624;0.4677;0.4745;0.4716;0.464;0.4533;0.4521;0.4443;0.4451;0.4567;2016
lej rumuński;RON;0.9701;0.9813;0.9614;0.9629;0.9797;0.9731;0.9799;0.9642;0.9717;0.9591;0.9723;0.982;2016
lew (Bułgaria);BGN;2.2464;2.2476;2.1952;2.202;2.2536;2.2507;2.2479;2.1987;2.2113;2.2029;2.2415;2.2686;2016
lira turecka;TRY;1.3467;1.3454;1.3387;1.3388;1.3281;1.3422;1.3424;1.2948;1.3006;1.271;1.2355;1.2031;2016
nowy  izraelski szekel;ILS;1.0242;1.0137;0.9991;1.0058;1.0231;1.0152;1.0299;1.0104;1.0243;1.0242;1.0564;1.0975;2016
peso  chilijskie;CLP;0.005609;0.005628;0.005676;0.005671;0.005716;0.00576;0.006032;0.00583;0.005768;0.005892;0.006107;0.006306;2016
peso filipińskie;PHP;0.0851;0.0831;0.0829;0.082;0.0833;0.0843;0.0844;0.0823;0.0811;0.0808;0.0824;0.0845;2016
peso meksykańskie;MXN;0.2244;0.2146;0.2188;0.2172;0.2153;0.2098;0.2136;0.2074;0.2014;0.2062;0.2022;0.2047;2016
rand (Republika Południowej Afryki);ZAR;0.2484;0.2514;0.2503;0.2599;0.2552;0.2595;0.2753;0.2795;0.2744;0.2798;0.2923;0.3031;2016
real (Brazylia);BRL;0.9973;0.9983;1.0445;1.0682;1.1058;1.1418;1.2115;1.1968;1.1873;1.2248;1.2171;1.2492;2016
ringgit (Malezja);MYR;0.9341;0.9468;0.9498;0.9738;0.9643;0.9595;0.9877;0.9525;0.9384;0.9362;0.9408;0.9434;2016
rupia indonezyjska;IDR;0.00029127;0.00029298;0.00029323;0.0002884;0.00029066;0.00029357;0.00030276;0.00029147;0.00029397;0.00030003;0.00030516;0.00031346;2016
rupia  indyjska;INR;0.060044;0.057942;0.057671;0.057131;0.058264;0.058245;0.059092;0.057308;0.057781;0.058533;0.060089;0.061976;2016
won południowokoreański;KRW;0.003363;0.003252;0.003266;0.003312;0.00332;0.003351;0.003478;0.003451;0.003474;0.003469;0.003488;0.00355;2016
yuan renminbi (Chiny);CNY;0.6156;0.6041;0.5939;0.5864;0.5972;0.5947;0.5949;0.5767;0.5779;0.5808;0.5934;0.6073;2016
SDR (MFW);XDR;5.5864;5.5152;5.4038;5.3492;5.4973;5.5171;5.5227;5.3672;5.3947;5.4007;5.5405;5.6697;2016
bat (Tajlandia);THB;0.116;0.1156;0.1151;0.1148;0.1104;0.1103;0.1091;0.1086;0.108;0.1092;0.1094;0.1087;2017
dolar amerykański;USD;4.1166;4.0487;4.0184;3.9562;3.807;3.7504;3.6805;3.6127;3.5799;3.6303;3.6031;3.5482;2017
dolar australijski;AUD;3.0622;3.1022;3.0595;2.9831;2.829;2.8311;2.8659;2.8601;2.8546;2.826;2.7468;2.715;2017
dolar Hongkongu;HKD;0.5307;0.5218;0.5174;0.5089;0.4889;0.481;0.4713;0.4619;0.4582;0.4651;0.4617;0.4541;2017
dolar kanadyjski;CAD;3.1126;3.0908;3.0013;2.9474;2.7973;2.8153;2.8891;2.8652;2.9138;2.8843;2.8234;2.7805;2017
dolar nowozelandzki;NZD;2.9264;2.9231;2.8131;2.7573;2.6403;2.7083;2.7068;2.6407;2.5967;2.5565;2.4802;2.4719;2017
dolar singapurski;SGD;2.8786;2.8619;2.8577;2.8293;2.7279;2.7097;2.6826;2.6546;2.6525;2.6676;2.657;2.6357;2017
euro;EUR;4.3706;4.3097;4.2921;4.2385;4.204;4.2083;4.2361;4.2665;4.2702;4.2668;4.2293;4.2016;2017
forint (Węgry);HUF;0.014137;0.01397;0.013851;0.013605;0.013566;0.013652;0.013807;0.01402;0.013853;0.013766;0.013562;0.01342;2017
frank szwajcarski;CHF;4.0792;4.0424;4.0088;3.9534;3.858;3.8708;3.8291;3.7471;3.722;3.6968;3.6328;3.5938;2017
funt szterling;GBP;5.0752;5.0549;4.9556;4.9945;4.9189;4.7972;4.7797;4.6854;4.7619;4.7887;4.7607;4.7628;2017
hrywna (Ukraina);UAH;0.1516;0.1496;0.1489;0.1474;0.1441;0.1437;0.1418;0.1409;0.1369;0.1362;0.1349;0.1288;2017
jen (Japonia);JPY;0.035726;0.035818;0.035528;0.035901;0.033928;0.033802;0.032723;0.032925;0.03237;0.032137;0.031935;0.031424;2017
korona czeska;CZK;0.1617;0.1595;0.1588;0.1579;0.158;0.1602;0.1623;0.1634;0.1637;0.1655;0.1656;0.1639;2017
korona duńska;DKK;0.5878;0.5797;0.5773;0.5699;0.5651;0.5658;0.5696;0.5736;0.5739;0.5733;0.5683;0.5645;2017
korona islandzka;ISK;0.03605;0.036327;0.036762;0.035782;0.036902;0.037198;0.035233;0.034121;0.033747;0.034387;0.034601;0.033828;2017
korona norweska;NOK;0.4854;0.4862;0.4726;0.4611;0.4475;0.4432;0.4501;0.4575;0.4576;0.4539;0.4407;0.4269;2017
korona szwedzka;SEK;0.4597;0.4549;0.4506;0.4417;0.4332;0.4314;0.4418;0.4464;0.448;0.4438;0.4298;0.423;2017
lej rumuński;RON;0.9702;0.9551;0.9437;0.9353;0.9234;0.921;0.9273;0.9318;0.9286;0.9297;0.9131;0.9062;2017
lew (Bułgaria);BGN;2.2347;2.2035;2.1945;2.1671;2.1495;2.1517;2.1659;2.1814;2.1833;2.1816;2.1624;2.1483;2017
lira turecka;TRY;1.0973;1.1043;1.0947;1.0833;1.0655;1.065;1.0329;1.0278;1.0318;0.9875;0.9265;0.9223;2017
nowy  izraelski szekel;ILS;1.0773;1.0854;1.0997;1.0836;1.0586;1.0612;1.0379;1.0034;1.0139;1.0337;1.0241;1.0133;2017
peso  chilijskie;CLP;0.00622;0.006297;0.006076;0.006036;0.005669;0.005634;0.005589;0.005606;0.00573;0.005763;0.00569;0.00558;2017
peso filipińskie;PHP;0.0828;0.081;0.08;0.0794;0.0764;0.0752;0.0727;0.0709;0.0702;0.0706;0.0708;0.0705;2017
peso meksykańskie;MXN;0.1923;0.1994;0.2075;0.211;0.2026;0.2064;0.2063;0.2027;0.2009;0.1932;0.1901;0.1852;2017
rand (Republika Południowej Afryki);ZAR;0.3034;0.3067;0.3112;0.2943;0.2865;0.2908;0.28;0.2724;0.2727;0.2649;0.2555;0.2701;2017
real (Brazylia);BRL;1.2855;1.3046;1.2828;1.2594;1.1851;1.1398;1.1462;1.1461;1.1427;1.1382;1.1053;1.0765;2017
ringgit (Malezja);MYR;0.9232;0.9114;0.9054;0.8984;0.8818;0.8768;0.858;0.8435;0.8496;0.8584;0.864;0.8703;2017
rupia indonezyjska;IDR;0.00030789;0.0003036;0.00030107;0.00029738;0.00028576;0.00028185;0.0002758;0.00027075;0.00026908;0.00026837;0.00026643;0.00026171;2017
rupia  indyjska;INR;0.060447;0.060416;0.06095;0.061284;0.059086;0.058192;0.057096;0.05646;0.055562;0.055766;0.055541;0.055214;2017
won południowokoreański;KRW;0.003484;0.003541;0.003537;0.003489;0.003379;0.003316;0.003245;0.003189;0.003162;0.003202;0.00327;0.003276;2017
yuan renminbi (Chiny);CNY;0.5971;0.5892;0.5825;0.5741;0.5528;0.5507;0.5434;0.5414;0.5455;0.5478;0.544;0.5383;2017
SDR (MFW);XDR;5.5637;5.482;5.4474;5.3855;5.2363;5.1907;5.1399;5.1025;5.0915;5.1127;5.0836;5.022;2017
bat (Tajlandia);THB;0.107;0.1071;0.1092;0.1092;0.1132;0.1136;0.1114;0.1124;0.1131;0.1143;0.1148;0.1152;2018
dolar amerykański;USD;3.4141;3.3701;3.4158;3.4188;3.6183;3.6876;3.7095;3.7175;3.6837;3.7495;3.7866;3.7691;2018
dolar australijski;AUD;2.7134;2.6572;2.6494;2.6274;2.7248;2.7634;2.7431;2.7211;2.6562;2.6617;2.7426;2.7024;2018
dolar Hongkongu;HKD;0.4366;0.4309;0.4356;0.4356;0.461;0.4699;0.4727;0.4736;0.47;0.4784;0.4836;0.4819;2018
dolar kanadyjski;CAD;2.7448;2.686;2.6425;2.6834;2.8136;2.8107;2.8206;2.8476;2.8267;2.8815;2.8715;2.805;2018
dolar nowozelandzki;NZD;2.4774;2.4665;2.4777;2.4756;2.5155;2.56;2.5156;2.4766;2.4339;2.4466;2.5611;2.5673;2018
dolar singapurski;SGD;2.5827;2.5549;2.5968;2.5978;2.7032;2.7371;2.7205;2.7144;2.6884;2.7174;2.7526;2.7501;2018
euro;EUR;4.1636;4.1683;4.2101;4.1948;4.282;4.3054;4.3301;4.2873;4.2992;4.306;4.3029;4.2905;2018
forint (Węgry);HUF;0.013464;0.013378;0.013481;0.01346;0.013527;0.013344;0.013331;0.013276;0.013242;0.013288;0.013355;0.013297;2018
frank szwajcarski;CHF;3.5511;3.6115;3.6062;3.5305;3.6283;3.727;3.7263;3.7566;3.8086;3.7723;3.7808;3.7975;2018
funt szterling;GBP;4.7112;4.7201;4.7661;4.8084;4.8771;4.9016;4.8806;4.7818;4.8115;4.881;4.8819;4.778;2018
hrywna (Ukraina);UAH;0.12;0.1242;0.1299;0.1308;0.1382;0.1406;0.1404;0.1349;0.1307;0.1334;0.1356;0.1358;2018
jen (Japonia);JPY;0.030758;0.031224;0.032236;0.031762;0.032984;0.033532;0.033261;0.033466;0.032912;0.033252;0.033423;0.033584;2018
korona czeska;CZK;0.1635;0.1646;0.1656;0.1654;0.1672;0.1669;0.1675;0.1669;0.1678;0.1667;0.1659;0.166;2018
korona duńska;DKK;0.5592;0.5598;0.5652;0.5632;0.5749;0.578;0.581;0.5751;0.5765;0.5772;0.5767;0.5747;2018
korona islandzka;ISK;0.033198;0.033415;0.034289;0.034322;0.03487;0.034564;0.034816;0.034532;0.033411;0.032111;0.030833;0.031232;2018
korona norweska;NOK;0.4313;0.4307;0.4391;0.436;0.4473;0.4543;0.4556;0.446;0.4463;0.4539;0.4471;0.4369;2018
korona szwedzka;SEK;0.424;0.4196;0.4142;0.4044;0.4138;0.4188;0.4197;0.4102;0.4111;0.4147;0.4178;0.4172;2018
lej rumuński;RON;0.895;0.8953;0.9032;0.9004;0.9228;0.9234;0.9309;0.9233;0.925;0.9229;0.9231;0.9222;2018
lew (Bułgaria);BGN;2.1288;2.1313;2.1526;2.1448;2.1894;2.2014;2.214;2.1921;2.1982;2.2016;2.2;2.1937;2018
lira turecka;TRY;0.9054;0.8909;0.8776;0.842;0.8194;0.7939;0.7784;0.6364;0.5829;0.6426;0.7046;0.7092;2018
nowy izraelski szekel;ILS;0.9979;0.9652;0.985;0.967;1.0087;1.0236;1.0174;1.0134;1.0262;1.0252;1.0217;1.004;2018
peso chilijskie;CLP;0.005635;0.005647;0.005657;0.005694;0.005783;0.005794;0.005683;0.005653;0.005427;0.005525;0.005587;0.005513;2018
peso filipińskie;PHP;0.0676;0.065;0.0655;0.0657;0.0693;0.0695;0.0694;0.0698;0.0683;0.0695;0.0718;0.0714;2018
peso meksykańskie;MXN;0.1802;0.181;0.1834;0.186;0.1858;0.1813;0.1947;0.197;0.1939;0.1958;0.1872;0.1874;2018
rand (Republika Południowej Afryki);ZAR;0.28;0.2853;0.2879;0.2826;0.2889;0.2776;0.2762;0.2642;0.2506;0.2584;0.2681;0.2648;2018
real (Brazylia);BRL;1.0623;1.0396;1.042;1.0064;1.0011;0.9744;0.9674;0.9517;0.8972;0.9936;1.0034;0.9711;2018
ringgit (Malezja);MYR;0.8634;0.8617;0.8751;0.8795;0.9135;0.9227;0.9156;0.9082;0.8904;0.9016;0.9049;0.9033;2018
rupia indonezyjska;IDR;0.00025521;0.0002479;0.0002482;0.00024753;0.00025768;0.0002633;0.00025747;0.0002553;0.00024806;0.00024699;0.00025815;0.00026001;2018
rupia indyjska;INR;0.05365;0.052328;0.052501;0.052049;0.053595;0.05439;0.053996;0.053424;0.051117;0.050956;0.052723;0.05336;2018
won południowokoreański;KRW;0.003204;0.003126;0.003186;0.003197;0.003361;0.003373;0.003301;0.003313;0.003293;0.003309;0.003358;0.003356;2018
yuan renminbi (Chiny);CNY;0.5311;0.5332;0.5403;0.5425;0.5679;0.5706;0.5521;0.5423;0.5375;0.5412;0.5457;0.5469;2018
SDR (MFW);XDR;4.9149;4.8956;4.9603;4.9542;5.1531;5.2146;5.2108;5.1803;5.1606;5.2117;5.239;5.221;2018
bat (Tajlandia);THB;0.1182;0.1214;0.12;0.1197;0.1207;0.1214;0.1232;0.127;0.1294;0.1283;0.1281;0.1273;2019
dolar amerykański;USD;3.7617;3.8023;3.8052;3.8145;3.8393;3.7811;3.7959;3.9067;3.9535;3.8935;3.8745;3.8443;2019
dolar australijski;AUD;2.6862;2.7138;2.6942;2.7148;2.6678;2.6246;2.6528;2.6455;2.691;2.6456;2.6463;2.6462;2019
dolar Hongkongu;HKD;0.4797;0.4845;0.4848;0.4862;0.4892;0.4831;0.486;0.4983;0.5046;0.4965;0.495;0.4926;2019
dolar kanadyjski;CAD;2.8247;2.8768;2.8496;2.851;2.8526;2.8419;2.8992;2.9444;2.9842;2.9506;2.9273;2.9187;2019
dolar nowozelandzki;NZD;2.5469;2.5973;2.5985;2.5625;2.5213;2.4927;2.5374;2.5128;2.5076;2.4671;2.4791;2.5348;2019
dolar singapurski;SGD;2.7726;2.8085;2.81;2.8131;2.8018;2.7724;2.7891;2.8212;2.8652;2.8399;2.8451;2.8334;2019
euro;EUR;4.2954;4.3157;4.2996;4.2874;4.2965;4.266;4.2598;4.3437;4.3547;4.3025;4.2843;4.2721;2019
forint (Węgry);HUF;0.013423;0.013569;0.013602;0.013352;0.01322;0.013216;0.013094;0.013292;0.013098;0.01298;0.012846;0.012915;2019
frank szwajcarski;CHF;3.8033;3.7975;3.8019;3.786;3.7978;3.82;3.8442;3.9844;3.9919;3.918;3.902;3.9087;2019
funt szterling;GBP;4.844;4.9378;5.0093;4.9707;4.936;4.79;4.7381;4.7447;4.8812;4.9157;4.9918;5.0394;2019
hrywna (Ukraina);UAH;0.1348;0.1403;0.1417;0.1427;0.1455;0.1429;0.1479;0.1548;0.1602;0.1567;0.1593;0.163;2019
jen (Japonia);JPY;0.034527;0.034481;0.03422;0.034153;0.034894;0.034972;0.03508;0.036731;0.036787;0.03602;0.035587;0.035204;2019
korona czeska;CZK;0.1675;0.1678;0.1675;0.167;0.1668;0.1666;0.1668;0.1684;0.1684;0.1674;0.1678;0.1676;2019
korona duńska;DKK;0.5754;0.5783;0.5761;0.5743;0.5754;0.5713;0.5706;0.5822;0.5834;0.576;0.5734;0.5717;2019
korona islandzka;ISK;0.031484;0.031704;0.03172;0.031672;0.031277;0.03033;0.030439;0.031569;0.031635;0.031272;0.03134;0.031493;2019
korona norweska;NOK;0.4396;0.4428;0.4423;0.4456;0.4396;0.4375;0.441;0.4358;0.4384;0.4254;0.4232;0.426;2019
korona szwedzka;SEK;0.4184;0.4112;0.4094;0.4091;0.4003;0.4015;0.4035;0.4047;0.4071;0.3985;0.402;0.4078;2019
lej rumuński;RON;0.9136;0.909;0.9046;0.9012;0.9026;0.9024;0.9008;0.9186;0.9191;0.9051;0.8984;0.894;2019
lew (Bułgaria);BGN;2.1962;2.2066;2.1984;2.1921;2.1968;2.1812;2.178;2.2209;2.2265;2.1998;2.1906;2.1843;2019
lira turecka;TRY;0.7001;0.7208;0.6944;0.6609;0.6339;0.6492;0.6689;0.6924;0.6921;0.6727;0.6755;0.6572;2019
nowy izraelski szekel;ILS;1.0191;1.0483;1.0517;1.0613;1.069;1.0505;1.0709;1.1125;1.1232;1.1076;1.1117;1.1062;2019
peso chilijskie;CLP;0.005555;0.00579;0.00569;0.005719;0.00556;0.00546;0.005537;0.005481;0.005507;0.005402;0.005003;0.005003;2019
peso filipińskie;PHP;0.0717;0.0729;0.0725;0.0734;0.0735;0.073;0.0743;0.075;0.076;0.0757;0.0764;0.0757;2019
peso meksykańskie;MXN;0.1958;0.1982;0.1977;0.2012;0.2009;0.1958;0.1992;0.1989;0.2018;0.2013;0.2008;0.2012;2019
rand (Republika Południowej Afryki);ZAR;0.2709;0.2758;0.2647;0.2698;0.2665;0.2586;0.2703;0.2584;0.2662;0.2612;0.2617;0.2671;2019
real (Brazylia);BRL;1.0032;1.023;0.9933;0.9787;0.9616;0.9778;1.0048;0.9773;0.9586;0.9512;0.9361;0.9344;2019
ringgit (Malezja);MYR;0.9136;0.932;0.9328;0.927;0.921;0.9084;0.9207;0.9333;0.9448;0.9298;0.9317;0.9272;2019
rupia indonezyjska;IDR;0.00026567;0.00027104;0.00026781;0.00026995;0.00026718;0.0002656;0.00027066;0.00027468;0.00028047;0.00027588;0.00027559;0.00027454;2019
rupia indyjska;INR;0.053176;0.053375;0.054734;0.054935;0.055017;0.054426;0.055197;0.054978;0.055426;0.054805;0.054192;0.05399;2019
won południowokoreański;KRW;0.003354;0.003386;0.00336;0.003339;0.003245;0.003217;0.003224;0.003229;0.00331;0.003289;0.003317;0.003277;2019
yuan renminbi (Chiny);CNY;0.5541;0.564;0.5669;0.5681;0.5604;0.5478;0.5519;0.5536;0.5559;0.5491;0.5519;0.5481;2019
SDR (MFW);XDR;5.2427;5.2904;5.2907;5.2946;5.3073;5.2375;5.2442;5.3599;5.4116;5.3421;5.3274;5.3054;2019
bat (Tajlandia);THB;0.1259;0.1251;0.125;0.1282;0.1296;0.1266;0.1239;0.1191;0.121;0.1235;0.1249;0.1223;2020
dolar amerykański;USD;3.8287;3.9201;4.0126;4.1856;4.1569;3.9453;3.8943;3.719;3.7926;3.8605;3.8035;3.6778;2020
dolar australijski;AUD;2.6304;2.6127;2.5019;2.6324;2.7114;2.7225;2.7318;2.6781;2.7443;2.7518;2.7655;2.7691;2020
dolar Hongkongu;HKD;0.4925;0.5042;0.5168;0.54;0.5362;0.5091;0.5024;0.4799;0.4894;0.4981;0.4906;0.4744;2020
dolar kanadyjski;CAD;2.9282;2.9513;2.888;2.9769;2.9779;2.9109;2.8805;2.8083;2.8711;2.922;2.9074;2.8697;2020
dolar nowozelandzki;NZD;2.5327;2.5054;2.4323;2.5116;2.5328;2.5437;2.5613;2.456;2.5326;2.5621;2.6096;2.6076;2020
dolar singapurski;SGD;2.8346;2.8221;2.8328;2.9402;2.9325;2.8322;2.8042;2.7165;2.7776;2.8398;2.8237;2.7603;2020
euro;EUR;4.2504;4.2789;4.4356;4.545;4.5291;4.445;4.4528;4.4021;4.474;4.5411;4.5023;4.4766;2020
forint (Węgry);HUF;0.012726;0.012681;0.012856;0.012771;0.012904;0.01279;0.012679;0.012618;0.012415;0.012528;0.012506;0.012469;2020
frank szwajcarski;CHF;3.9451;4.0166;4.1892;4.3107;4.2838;4.1474;4.1611;4.0882;4.1487;4.2282;4.1783;4.1383;2020
funt szterling;GBP;5.0033;5.0868;4.9706;5.1922;5.1125;4.9434;4.9211;4.8886;4.9179;5.0111;5.0223;4.9424;2020
hrywna (Ukraina);UAH;0.1585;0.1595;0.1513;0.154;0.1551;0.1478;0.1425;0.1352;0.1354;0.1363;0.1344;0.1306;2020
jen (Japonia);JPY;0.035031;0.03564;0.037293;0.038809;0.038809;0.036671;0.036459;0.03512;0.035924;0.03671;0.036467;0.035434;2020
korona czeska;CZK;0.1685;0.1707;0.1675;0.1668;0.1661;0.1667;0.1678;0.1682;0.1675;0.1669;0.1699;0.1701;2020
korona duńska;DKK;0.5688;0.5727;0.5938;0.6091;0.6073;0.5963;0.598;0.5912;0.6012;0.6102;0.6046;0.6016;2020
korona islandzka;ISK;0.031011;0.030997;0.029828;0.028978;0.028882;0.029162;0.028132;0.027265;0.027543;0.027773;0.027798;0.028851;2020
korona norweska;NOK;0.4284;0.4218;0.3952;0.4013;0.4109;0.4147;0.4176;0.4156;0.4155;0.4154;0.4181;0.4223;2020
korona szwedzka;SEK;0.4029;0.4046;0.4086;0.4177;0.427;0.4241;0.4298;0.4271;0.429;0.4367;0.4397;0.4399;2020
lej rumuński;RON;0.8893;0.8946;0.9186;0.9397;0.9361;0.9184;0.9203;0.91;0.9206;0.9315;0.9243;0.919;2020
lew (Bułgaria);BGN;2.1732;2.1878;2.2679;2.3238;2.3157;2.2727;2.2767;2.2507;2.2875;2.3218;2.302;2.2889;2020
lira turecka;TRY;0.6462;0.6463;0.6336;0.6117;0.5997;0.5784;0.5674;0.5115;0.5029;0.4857;0.4777;0.4763;2020
nowy izraelski szekel;ILS;1.1064;1.1413;1.1182;1.1724;1.1816;1.1419;1.1341;1.0935;1.1079;1.1368;1.1322;1.1331;2020
peso chilijskie;CLP;0.004968;0.00492;0.004779;0.004904;0.005061;0.004959;0.004958;0.004747;0.004905;0.004895;0.004988;0.005025;2020
peso filipińskie;PHP;0.0753;0.0772;0.0786;0.0826;0.0822;0.0789;0.0788;0.0763;0.0782;0.0796;0.0788;0.0765;2020
peso meksykańskie;MXN;0.2034;0.208;0.1815;0.1728;0.1772;0.1771;0.1734;0.1676;0.1756;0.181;0.1861;0.1842;2020
rand (Republika Południowej Afryki);ZAR;0.2664;0.2608;0.2416;0.2255;0.2296;0.2306;0.232;0.2157;0.2273;0.2345;0.2445;0.2469;2020
real (Brazylia);BRL;0.9271;0.9034;0.8269;0.7906;0.7408;0.7611;0.7351;0.6852;0.705;0.6863;0.698;0.715;2020
ringgit (Malezja);MYR;0.9389;0.9427;0.934;0.962;0.9579;0.9229;0.9127;0.8877;0.914;0.9296;0.9252;0.9069;2020
rupia indonezyjska;IDR;0.00027906;0.00028479;0.00026398;0.00026618;0.00028033;0.00027956;0.00026786;0.00025323;0.00025612;0.00026259;0.00026779;0.00026038;2020
rupia indyjska;INR;0.053709;0.054778;0.053912;0.054937;0.05495;0.0521;0.051966;0.049864;0.051603;0.052496;0.051231;0.049951;2020
won południowokoreański;KRW;0.003284;0.003278;0.003292;0.003423;0.003385;0.003269;0.003246;0.003134;0.003222;0.003374;0.003409;0.003359;2020
yuan renminbi (Chiny);CNY;0.5527;0.5604;0.5715;0.5919;0.585;0.5568;0.5551;0.5367;0.5568;0.5745;0.5759;0.5624;2020
SDR (MFW);XDR;5.2769;5.3689;5.5036;5.7034;5.6717;5.4503;5.4147;5.2564;5.3552;5.4543;5.4105;5.298;2020
bat (Tajlandia);THB;0.1243;0.1239;0.1256;0.122;0.1192;0.1189;0.1182;0.1173;0.1173;0.1184;0.1232;0.1217;2021
dolar amerykański;USD;3.7304;3.7196;3.8673;3.8212;3.7292;3.7375;3.8592;3.8835;3.8755;3.9607;4.0755;4.0834;2021
dolar australijski;AUD;2.8796;2.884;2.9792;2.9386;2.8935;2.8563;2.8651;2.834;2.8419;2.9299;2.974;2.9231;2021
dolar Hongkongu;HKD;0.4812;0.4798;0.498;0.4918;0.4803;0.4816;0.4966;0.4989;0.4982;0.5091;0.5232;0.5236;2021
dolar kanadyjski;CAD;2.9301;2.9297;3.0747;3.0529;3.0724;3.0584;3.0824;3.0808;3.0644;3.1816;3.2409;3.1921;2021
dolar nowozelandzki;NZD;2.6842;2.6938;2.7571;2.7192;2.6936;2.6571;2.6949;2.7073;2.7416;2.7914;2.8574;2.772;2021
dolar singapurski;SGD;2.8133;2.8013;2.8795;2.8616;2.8044;2.8028;2.8487;2.8656;2.8779;2.9318;3.0021;2.995;2021
euro;EUR;4.5435;4.4988;4.6007;4.5658;4.5301;4.5015;4.563;4.57;4.5664;4.5952;4.6508;4.6163;2021
forint (Węgry);HUF;0.012634;0.012553;0.012576;0.012653;0.012796;0.012869;0.012778;0.012982;0.012965;0.012737;0.012762;0.01257;2021
frank szwajcarski;CHF;4.209;4.1442;4.1573;4.1366;4.1305;4.1152;4.2033;4.2465;4.2043;4.2895;4.4221;4.4354;2021
funt szterling;GBP;5.0879;5.1556;5.3604;5.2832;5.2486;5.241;5.3274;5.357;5.3318;5.4192;5.4815;5.4351;2021
hrywna (Ukraina);UAH;0.1323;0.1335;0.1392;0.1369;0.1351;0.1374;0.142;0.145;0.1451;0.1502;0.1539;0.1501;2021
jen (Japonia);JPY;0.03596;0.035283;0.035555;0.035017;0.034175;0.033943;0.034987;0.035348;0.035188;0.03503;0.035773;0.035848;2021
korona czeska;CZK;0.1737;0.1738;0.1756;0.1759;0.177;0.1769;0.178;0.1794;0.1799;0.1802;0.183;0.1827;2021
korona duńska;DKK;0.6108;0.605;0.6187;0.6139;0.6092;0.6053;0.6135;0.6145;0.6141;0.6176;0.6253;0.6208;2021
korona islandzka;ISK;0.02906;0.02899;0.030332;0.030337;0.030288;0.030642;0.031032;0.030808;0.030298;0.030679;0.031173;0.03138;2021
korona norweska;NOK;0.4381;0.4375;0.4533;0.4544;0.4493;0.4437;0.4397;0.4381;0.4483;0.4673;0.4662;0.4552;2021
korona szwedzka;SEK;0.4502;0.4461;0.4524;0.4489;0.4465;0.445;0.4474;0.4472;0.4489;0.4569;0.4626;0.4496;2021
lej rumuński;RON;0.9324;0.9228;0.9414;0.9276;0.9197;0.9142;0.9263;0.9282;0.9231;0.9285;0.9397;0.9327;2021
lew (Bułgaria);BGN;2.323;2.3002;2.3523;2.3345;2.3162;2.3016;2.333;2.3366;2.3347;2.3495;2.3779;2.3603;2021
lira turecka;TRY;0.5047;0.5251;0.5049;0.4688;0.4454;0.4341;0.4486;0.4575;0.4534;0.43;0.3838;0.3016;2021
nowy izraelski szekel;ILS;1.1553;1.1363;1.1678;1.1644;1.1436;1.1494;1.1804;1.2038;1.2091;1.2329;1.3056;1.3041;2021
peso chilijskie;CLP;0.005168;0.005149;0.005333;0.005395;0.005236;0.00513;0.005134;0.004979;0.004942;0.004865;0.005009;0.004811;2021
peso filipińskie;PHP;0.0776;0.0771;0.0796;0.0789;0.0778;0.0776;0.0771;0.0773;0.0772;0.0781;0.081;0.0812;2021
peso meksykańskie;MXN;0.1873;0.1832;0.1861;0.1904;0.1867;0.1867;0.1932;0.1935;0.1936;0.1934;0.195;0.1952;2021
rand (Republika Południowej Afryki);ZAR;0.2473;0.2519;0.2579;0.2648;0.2649;0.2687;0.2659;0.2623;0.2665;0.2665;0.2622;0.2573;2021
real (Brazylia);BRL;0.6996;0.6871;0.6866;0.6852;0.7039;0.7428;0.7493;0.7387;0.7373;0.7152;0.7343;0.7223;2021
ringgit (Malezja);MYR;0.9239;0.9191;0.9407;0.9267;0.9039;0.9039;0.9186;0.9204;0.9304;0.9513;0.9749;0.9696;2021
rupia indonezyjska;IDR;0.00026593;0.00026484;0.00026884;0.00026293;0.00026069;0.00026083;0.00026618;0.00026993;0.000272;0.00027939;0.0002857;0.00028503;2021
rupia indyjska;INR;0.051029;0.051066;0.053139;0.051308;0.05092;0.050793;0.051765;0.052359;0.052696;0.052914;0.053429;0.053558;2021
won południowokoreański;KRW;0.003393;0.003344;0.00342;0.003417;0.003323;0.003331;0.003371;0.003342;0.003307;0.003351;0.003441;0.003448;2021
yuan renminbi (Chiny);CNY;0.5761;0.5757;0.5941;0.5856;0.5799;0.5818;0.5962;0.5996;0.6003;0.6166;0.6379;0.6412;2021
SDR (MFW);XDR;5.3837;5.3539;5.5148;5.4621;5.3731;5.3607;5.4934;5.5191;5.5131;5.5957;5.7194;5.7086;2021
bat (Tajlandia);THB;0.1211;0.1231;0.13;0.1271;0.1279;0.1256;0.1289;0.1302;0.1291;0.129;0.1268;0.1271;2022
dolar amerykański;USD;4.0239;4.0156;4.3207;4.2899;4.3987;4.3876;4.6831;4.6578;4.7784;4.8939;4.6226;4.4209;2022
dolar australijski;AUD;2.8904;2.8762;3.1858;3.1689;3.1022;3.088;3.2096;3.2467;3.1995;3.114;3.0381;2.9832;2022
dolar Hongkongu;HKD;0.5164;0.5149;0.5523;0.5471;0.5604;0.5591;0.5967;0.5937;0.6088;0.6234;0.5903;0.5677;2022
dolar kanadyjski;CAD;3.1878;3.1556;3.4119;3.4012;3.4245;3.4254;3.6182;3.6104;3.594;3.5675;3.4339;3.2547;2022
dolar nowozelandzki;NZD;2.715;2.6807;2.9672;2.9064;2.8179;2.7936;2.9019;2.9229;2.8437;2.783;2.7913;2.8075;2022
dolar singapurski;SGD;2.9793;2.9815;3.1792;3.1441;3.182;3.1725;3.3564;3.3676;3.3837;3.434;3.3273;3.2706;2022
euro;EUR;4.5548;4.5539;4.7603;4.6465;4.6503;4.6457;4.7712;4.7216;4.739;4.8088;4.6977;4.6798;2022
forint (Węgry);HUF;0.012689;0.012747;0.012628;0.012403;0.012102;0.011697;0.011826;0.011753;0.011752;0.011501;0.011537;0.011503;2022
frank szwajcarski;CHF;4.3818;4.3506;4.6498;4.5475;4.4948;4.529;4.8337;4.8714;4.9137;4.917;4.7704;4.7441;2022
funt szterling;GBP;5.4553;5.4355;5.6905;5.5587;5.4724;5.4193;5.6163;5.5882;5.4289;5.5203;5.4054;5.3802;2022
hrywna (Ukraina);UAH;0.1436;0.1404;0.1403;0.1467;0.1467;0.1467;0.1403;0.1258;0.1258;0.1258;0.1258;0.1258;2022
jen (Japonia);JPY;0.035018;0.034851;0.036478;0.033997;0.034152;0.032804;0.034299;0.034483;0.033477;0.033268;0.032357;0.032802;2022
korona czeska;CZK;0.186;0.1863;0.1903;0.1902;0.1881;0.1879;0.1939;0.1922;0.1929;0.196;0.1927;0.1928;2022
korona duńska;DKK;0.6121;0.612;0.6398;0.6246;0.625;0.6245;0.6411;0.6347;0.6373;0.6464;0.6315;0.6292;2022
korona islandzka;ISK;0.031154;0.032074;0.033202;0.033194;0.033555;0.033595;0.03432;0.033715;0.03378;0.034034;0.03199;0.031079;2022
korona norweska;NOK;0.4553;0.4527;0.4887;0.4832;0.4587;0.4511;0.4681;0.4805;0.4677;0.4625;0.4537;0.4478;2022
korona szwedzka;SEK;0.4402;0.4316;0.4512;0.4504;0.4431;0.4386;0.451;0.4495;0.4398;0.439;0.4314;0.4259;2022
lej rumuński;RON;0.921;0.9207;0.9619;0.9398;0.9401;0.9394;0.9658;0.9646;0.966;0.9758;0.9561;0.951;2022
lew (Bułgaria);BGN;2.3288;2.3283;2.4339;2.3757;2.3776;2.3753;2.4394;2.4141;2.423;2.4587;2.4019;2.3927;2022
lira turecka;TRY;0.2969;0.2938;0.2951;0.2916;0.282;0.2578;0.2683;0.2582;0.261;0.2633;0.2483;0.2369;2022
nowy izraelski szekel;ILS;1.2847;1.2483;1.3323;1.3245;1.3021;1.2884;1.3514;1.4145;1.3875;1.3799;1.3241;1.2813;2022
peso chilijskie;CLP;0.004895;0.004971;0.005414;0.005265;0.005184;0.005106;0.00492;0.005156;0.005196;0.005132;0.005028;0.005061;2022
peso filipińskie;PHP;0.0785;0.0783;0.0829;0.0825;0.084;0.0817;0.0838;0.0835;0.083;0.0833;0.0803;0.0796;2022
peso meksykańskie;MXN;0.1964;0.1964;0.2101;0.2138;0.2196;0.2199;0.2283;0.2315;0.2383;0.2447;0.2373;0.2259;2022
rand (Republika Południowej Afryki);ZAR;0.2598;0.264;0.2882;0.2862;0.2767;0.2784;0.2781;0.2795;0.2723;0.2699;0.2633;0.256;2022
real (Brazylia);BRL;0.7276;0.7723;0.8669;0.9066;0.8873;0.8734;0.8735;0.9043;0.9154;0.9284;0.8778;0.8436;2022
ringgit (Malezja);MYR;0.9608;0.9589;1.0291;1.0057;1.004;0.9969;1.0548;1.0432;1.0525;1.0429;1.0018;1.002;2022
rupia indonezyjska;IDR;0.00028074;0.00027978;0.00030114;0.00029838;0.00030157;0.00029873;0.00031283;0.00031414;0.00031914;0.00031722;0.00029485;0.00028368;2022
rupia indyjska;INR;0.054061;0.053545;0.056675;0.056312;0.056913;0.056214;0.058862;0.058536;0.059594;0.059445;0.056477;0.053602;2022
won południowokoreański;KRW;0.003364;0.003352;0.003538;0.003476;0.00347;0.003435;0.00358;0.003531;0.00343;0.003426;0.003394;0.003416;2022
yuan renminbi (Chiny);CNY;0.6332;0.6358;0.6811;0.6674;0.6565;0.6558;0.6955;0.6852;0.6811;0.6807;0.6431;0.6336;2022
SDR (MFW);XDR;5.6342;5.629;5.9705;5.8492;5.9096;5.8803;6.1734;6.1256;6.1691;6.2707;6.0071;5.8788;2022
bat (Tajlandia);THB;0.1309;0.13;0.1273;0.1238;0.1221;0.1182;0.1161;0.1167;0.12;0.1171;0.1149;0.1136;2023
dolar amerykański;USD;4.3571;4.4264;4.3914;4.2333;4.1791;4.1215;4.0273;4.0888;4.2974;4.2758;4.0787;3.9672;2023
dolar australijski;AUD;3.0257;3.0565;2.9314;2.8296;2.7773;2.7675;2.7077;2.6508;2.7631;2.7167;2.6446;2.6575;2023
dolar Hongkongu;HKD;0.5572;0.5641;0.5595;0.5393;0.5333;0.5262;0.5152;0.5225;0.5489;0.5464;0.5224;0.508;2023
dolar kanadyjski;CAD;3.2445;3.2922;3.2072;3.1369;3.0908;3.0998;3.0453;3.0341;3.1751;3.1223;2.9711;2.9572;2023
dolar nowozelandzki;NZD;2.7864;2.7882;2.7247;2.6299;2.5955;2.5279;2.5027;2.45;2.5499;2.5231;2.4395;2.4686;2023
dolar singapurski;SGD;3.2865;3.3259;3.2724;3.1791;3.1198;3.0623;3.0151;3.0268;3.1542;3.1237;3.0217;2.9801;2023
euro;EUR;4.6968;4.7427;4.6925;4.6414;4.5411;4.4648;4.4455;4.4599;4.594;4.5186;4.4033;4.3323;2023
forint (Węgry);HUF;0.01188;0.012321;0.01218;0.012342;0.012184;0.012039;0.011726;0.011572;0.011894;0.01172;0.011617;0.011349;2023
frank szwajcarski;CHF;4.717;4.7867;4.7409;4.7102;4.6549;4.5777;4.6007;4.6521;4.7883;4.7307;4.5707;4.591;2023
funt szterling;GBP;5.3252;5.3512;5.323;5.2672;5.2128;5.2043;5.1788;5.1924;5.3327;5.2049;5.0549;5.0234;2023
hrywna (Ukraina);UAH;0.1258;0.1258;0.1258;0.1157;0.1132;0.1117;0.1093;0.1108;0.1164;0.117;0.1128;0.1068;2023
jen (Japonia);JPY;0.033432;0.033355;0.032831;0.031735;0.030507;0.029218;0.028519;0.028255;0.029109;0.028585;0.0272;0.02758;2023
korona czeska;CZK;0.196;0.1999;0.198;0.1979;0.1924;0.1884;0.1861;0.1849;0.1886;0.1838;0.1799;0.177;2023
korona duńska;DKK;0.6314;0.637;0.6302;0.6229;0.6096;0.5993;0.5967;0.5985;0.6161;0.6057;0.5904;0.5811;2023
korona islandzka;ISK;0.030535;0.030994;0.031297;0.031066;0.030191;0.029889;0.030273;0.030993;0.031831;0.030882;0.029134;0.02879;2023
korona norweska;NOK;0.4392;0.4334;0.4163;0.4029;0.3869;0.3815;0.3912;0.3908;0.4012;0.3892;0.3728;0.3769;2023
korona szwedzka;SEK;0.4196;0.4244;0.4182;0.4092;0.3996;0.3829;0.3817;0.3775;0.3877;0.3882;0.3808;0.3869;2023
lej rumuński;RON;0.9538;0.9665;0.9528;0.9398;0.9178;0.9001;0.8994;0.9025;0.9254;0.9094;0.8859;0.8716;2023
lew (Bułgaria);BGN;2.4014;2.4249;2.3992;2.3731;2.3218;2.2828;2.2729;2.2803;2.3488;2.3103;2.2513;2.2151;2023
lira turecka;TRY;0.232;0.2349;0.2312;0.2189;0.2117;0.1754;0.1521;0.1517;0.1592;0.1535;0.1424;0.1364;2023
nowy izraelski szekel;ILS;1.2637;1.2513;1.2111;1.1652;1.1397;1.132;1.0973;1.0923;1.1257;1.0762;1.0694;1.0831;2023
peso chilijskie;CLP;0.005273;0.005548;0.005429;0.005269;0.005231;0.005156;0.00495;0.004779;0.004861;0.004617;0.004593;0.004537;2023
peso filipińskie;PHP;0.0793;0.0808;0.0802;0.0766;0.075;0.0738;0.0733;0.0726;0.0757;0.0753;0.0731;0.0714;2023
peso meksykańskie;MXN;0.2293;0.2378;0.2386;0.2341;0.2356;0.2387;0.2376;0.2405;0.2487;0.237;0.2344;0.2309;2023
rand (Republika Południowej Afryki);ZAR;0.2551;0.2474;0.24;0.233;0.2192;0.2198;0.2206;0.2179;0.2267;0.2244;0.2197;0.2134;2023
real (Brazylia);BRL;0.8371;0.856;0.8423;0.8432;0.84;0.847;0.8371;0.8343;0.8694;0.8445;0.8311;0.8096;2023
ringgit (Malezja);MYR;1.0073;1.0137;0.9824;0.9568;0.9253;0.8905;0.8769;0.8872;0.9183;0.9011;0.8694;0.8522;2023
rupia indonezyjska;IDR;0.00028587;0.00029258;0.0002872;0.00028535;0.00028197;0.00027588;0.00026781;0.00026823;0.0002798;0.00027152;0.00026144;0.00025604;2023
rupia indyjska;INR;0.053256;0.053603;0.053357;0.051639;0.050761;0.050136;0.048997;0.04937;0.051768;0.051392;0.048964;0.047654;2023
won południowokoreański;KRW;0.0035;0.003467;0.003361;0.003203;0.003147;0.003179;0.003131;0.003091;0.003223;0.003166;0.003117;0.003042;2023
yuan renminbi (Chiny);CNY;0.6417;0.6473;0.6364;0.6148;0.5981;0.5764;0.56;0.5639;0.5891;0.5848;0.5638;0.5558;2023
SDR (MFW);XDR;5.866;5.9195;5.8643;5.7138;5.5955;5.5016;5.4025;5.4474;5.6682;5.6109;5.3985;5.3037;2023
